{"cameraMode":{"drawMode":0,"name":"Shaded","section":"Shading Mode"},"sceneLighting":true,"audioPlay":false,"sceneViewState":{"showFog":true,"showMaterialUpdate":false,"showSkybox":true,"showFlares":true,"showImageEffects":true,"showParticleSystems":true},"in2DMode":false,"pivot":{"x":17.919490814208986,"y":6.419891357421875,"z":-52.622440338134769},"rotation":{"x":-0.059192556887865069,"y":-0.35241249203681948,"z":0.02234177477657795,"w":-0.933709442615509},"size":2.598076581954956,"orthographic":false}