{"cameraMode":{"drawMode":0,"name":"Shaded","section":"Shading Mode"},"sceneLighting":false,"audioPlay":false,"sceneViewState":{"showFog":true,"showMaterialUpdate":false,"showSkybox":false,"showFlares":true,"showImageEffects":true,"showParticleSystems":true},"in2DMode":false,"pivot":{"x":0.8159999847412109,"y":0.2549999952316284,"z":-10.628000259399414},"rotation":{"x":-0.12382793426513672,"y":-0.2351900041103363,"z":0.03022364154458046,"w":-0.9635611176490784},"size":0.4330126941204071,"orthographic":false}