{"cameraMode":{"drawMode":0,"name":"Shaded","section":"Shading Mode"},"sceneLighting":true,"audioPlay":false,"sceneViewState":{"showFog":true,"showMaterialUpdate":false,"showSkybox":true,"showFlares":true,"showImageEffects":true,"showParticleSystems":true},"in2DMode":false,"pivot":{"x":1.736135482788086,"y":-0.8201689124107361,"z":-10.279528617858887},"rotation":{"x":-0.23805436491966248,"y":0.10523451864719391,"z":-0.02595500275492668,"w":-0.9652078747749329},"size":1.3878767490386963,"orthographic":false}