{"cameraMode":{"drawMode":0,"name":"Shaded","section":"Shading Mode"},"sceneLighting":true,"audioPlay":false,"sceneViewState":{"showFog":true,"showMaterialUpdate":false,"showSkybox":true,"showFlares":true,"showImageEffects":true,"showParticleSystems":true},"in2DMode":false,"pivot":{"x":2.0410683155059816,"y":-0.9082168340682983,"z":-9.254064559936524},"rotation":{"x":-0.19403596222400666,"y":0.01971619389951229,"z":-0.0038992289919406177,"w":-0.9808125495910645},"size":1.6878767013549805,"orthographic":false}