{"cameraMode":{"drawMode":0,"name":"Shaded","section":"Shading Mode"},"sceneLighting":true,"audioPlay":false,"sceneViewState":{"showFog":true,"showMaterialUpdate":false,"showSkybox":true,"showFlares":true,"showImageEffects":true,"showParticleSystems":true},"in2DMode":false,"pivot":{"x":-6.941954135894775,"y":10.051677703857422,"z":-4.909739971160889},"rotation":{"x":-0.04666474834084511,"y":-0.2571750581264496,"z":0.01242835633456707,"w":-0.9651806354522705},"size":0.8660253882408142,"orthographic":false}