{"cameraMode":{"drawMode":0,"name":"Shaded","section":"Shading Mode"},"sceneLighting":true,"audioPlay":false,"sceneViewState":{"showFog":true,"showMaterialUpdate":false,"showSkybox":true,"showFlares":true,"showImageEffects":true,"showParticleSystems":true},"in2DMode":false,"pivot":{"x":-13.36410903930664,"y":-3.008681535720825,"z":25.860015869140626},"rotation":{"x":-0.14345216751098634,"y":-0.048543013632297519,"z":0.007460395805537701,"w":-0.9884401559829712},"size":28.017850875854493,"orthographic":false}