{"cameraMode":{"drawMode":0,"name":"Shaded","section":"Shading Mode"},"sceneLighting":false,"audioPlay":false,"sceneViewState":{"showFog":true,"showMaterialUpdate":false,"showSkybox":false,"showFlares":true,"showImageEffects":true,"showParticleSystems":true},"in2DMode":false,"pivot":{"x":-9.136938095092774,"y":13.359318733215332,"z":-35.91777801513672},"rotation":{"x":-0.16954800486564637,"y":-0.16413858532905579,"z":0.028651218861341478,"w":-0.9713392853736877},"size":0.000017320508050033823,"orthographic":false}