{"cameraMode":{"drawMode":0,"name":"Shaded","section":"Shading Mode"},"sceneLighting":false,"audioPlay":false,"sceneViewState":{"showFog":true,"showMaterialUpdate":false,"showSkybox":false,"showFlares":true,"showImageEffects":true,"showParticleSystems":true},"in2DMode":false,"pivot":{"x":21.90544891357422,"y":3.351713180541992,"z":5.434154510498047},"rotation":{"x":-0.030288133770227433,"y":0.03357730805873871,"z":-0.001017112168483436,"w":-0.9989813566207886},"size":13.961224555969239,"orthographic":false}