{"cameraMode":{"drawMode":0,"name":"Shaded","section":"Shading Mode"},"sceneLighting":true,"audioPlay":false,"sceneViewState":{"showFog":true,"showMaterialUpdate":false,"showSkybox":true,"showFlares":true,"showImageEffects":true,"showParticleSystems":true},"in2DMode":false,"pivot":{"x":74.96129608154297,"y":18.750106811523439,"z":-0.10375189781188965},"rotation":{"x":0.046702731400728229,"y":-0.06049494817852974,"z":0.002832762198522687,"w":0.9970505237579346},"size":1.6787981986999512,"orthographic":false}