{"cameraMode":{"drawMode":0,"name":"Shaded","section":"Shading Mode"},"sceneLighting":true,"audioPlay":false,"sceneViewState":{"showFog":true,"showMaterialUpdate":false,"showSkybox":true,"showFlares":true,"showImageEffects":true,"showParticleSystems":true},"in2DMode":false,"pivot":{"x":-19.20022964477539,"y":5.178995609283447,"z":2.7320783138275148},"rotation":{"x":-0.09165946394205094,"y":0.021503379568457605,"z":-0.0019808269571512939,"w":-0.9955562949180603},"size":7.3090105056762699,"orthographic":false}