{"cameraMode":{"drawMode":0,"name":"Shaded","section":"Shading Mode"},"sceneLighting":true,"audioPlay":false,"sceneViewState":{"showFog":true,"showMaterialUpdate":false,"showSkybox":true,"showFlares":true,"showImageEffects":true,"showParticleSystems":true},"in2DMode":false,"pivot":{"x":18.33070945739746,"y":13.430489540100098,"z":-10.74016284942627},"rotation":{"x":0.32638904452323916,"y":-0.04965423047542572,"z":0.01798364706337452,"w":0.9438008666038513},"size":1.5233488082885743,"orthographic":false}