{"cameraMode":{"drawMode":0,"name":"Shaded","section":"Shading Mode"},"sceneLighting":true,"audioPlay":false,"sceneViewState":{"showFog":true,"showMaterialUpdate":false,"showSkybox":true,"showFlares":true,"showImageEffects":true,"showParticleSystems":true},"in2DMode":false,"pivot":{"x":0.30349159240722659,"y":-0.4199368953704834,"z":3.675379753112793},"rotation":{"x":0.1818598508834839,"y":-0.12518192827701569,"z":0.024131787940859796,"w":0.9750645160675049},"size":13.688933372497559,"orthographic":false}