{"cameraMode":{"drawMode":0,"name":"Shaded","section":"Shading Mode"},"sceneLighting":true,"audioPlay":false,"sceneViewState":{"showFog":true,"showMaterialUpdate":false,"showSkybox":true,"showFlares":true,"showImageEffects":true,"showParticleSystems":true},"in2DMode":false,"pivot":{"x":102.68805694580078,"y":23.11545753479004,"z":-107.01097106933594},"rotation":{"x":-0.09545939415693283,"y":-0.1200503334403038,"z":0.011597291566431523,"w":-0.9881047010421753},"size":10.0,"orthographic":false}