{"cameraMode":{"drawMode":0,"name":"Shaded","section":"Shading Mode"},"sceneLighting":true,"audioPlay":false,"sceneViewState":{"showFog":true,"showMaterialUpdate":false,"showSkybox":true,"showFlares":true,"showImageEffects":true,"showParticleSystems":true},"in2DMode":false,"pivot":{"x":12.573165893554688,"y":6.352222442626953,"z":-0.42029207944869997},"rotation":{"x":0.008929423987865448,"y":-0.05878300219774246,"z":0.0012916887644678355,"w":0.9982368350028992},"size":10.0,"orthographic":false}