{"cameraMode":{"drawMode":0,"name":"Shaded","section":"Shading Mode"},"sceneLighting":true,"audioPlay":false,"sceneViewState":{"showFog":true,"showMaterialUpdate":false,"showSkybox":true,"showFlares":true,"showImageEffects":true,"showParticleSystems":true},"in2DMode":false,"pivot":{"x":0.35122567415237429,"y":-2.8210136890411379,"z":-16.441997528076173},"rotation":{"x":-0.0057622226886451248,"y":0.978508472442627,"z":-0.20427891612052918,"w":-0.027600158005952836},"size":4.207394599914551,"orthographic":false}